URL_ID,URL,POSITIVE SCORE,NEGATIVE SCORE,POLARITY SCORE,SUBJECTIVITY SCORE,AVG SENTENCE LENGTH,PERCENTAGE OF COMPLEX WORDS,FOG INDEX,AVG NUMBER OF WORDS PER SENTENCE,COMPLEX WORD COUNT,WORD COUNT,SYLLABLE PER WORD,PERSONAL PRONOUNS,AVG WORD LENGTH
Netclan20241017,https://insights.blackcoffer.com/ai-and-ml-based-youtube-analytics-and-content-creation-tool-for-optimizing-subscriber-engagement-and-content-strategy/,4.0,0,0.9999997500000625,0.01646090528205389,7.03921568627451,0.2924791086350975,2.932677917963843,7.03921568627451,105.0,243.0,2.030640668523677,3.0,6.406685236768802
Netclan20241018,https://insights.blackcoffer.com/enhancing-front-end-features-and-functionality-for-improved-user-experience-and-dashboard-accuracy-in-partner-hospital-application/,10.0,5,0.3333333111111126,0.02757352936107807,9.971153846153847,0.1918997107039537,4.065221422743121,9.971153846153847,199.0,544.0,1.6933461909353906,9.0,5.273866923818708
Netclan20241019,https://insights.blackcoffer.com/roas-dashboard-for-campaign-wise-google-ads-budget-tracking-using-google-ads-ap/,10.0,2,0.6666666111111158,0.042857142704081634,7.25,0.2684729064039409,3.0073891625615765,7.25,109.0,280.0,1.977832512315271,3.0,6.273399014778325
Netclan20241020,https://insights.blackcoffer.com/efficient-processing-and-analysis-of-financial-data-from-pdf-files-addressing-formatting-inconsistencies-and-ensuring-data-integrity-for-a-toyota-dealership-management-firm/,22.0,9,0.4193548251821024,0.06300812995323551,8.493975903614459,0.3843971631205674,3.5513492266940108,8.493975903614459,271.0,492.0,2.224113475177305,6.0,6.636879432624114
Netclan20241021,https://insights.blackcoffer.com/development-of-ea-robot-for-automated-trading/,3.0,0,0.9999996666667778,0.011904761857520787,8.195652173913043,0.28116710875331563,3.3907277130665436,8.195652173913043,106.0,252.0,1.9840848806366047,3.0,6.26525198938992
Netclan20241022,https://insights.blackcoffer.com/ai-and-ml-based-youtube-analytics-and-content-creation-tool-for-optimizing-subscriber-engagement-and-content-strategy/,4.0,0,0.9999997500000625,0.01646090528205389,7.03921568627451,0.2924791086350975,2.932677917963843,7.03921568627451,105.0,243.0,2.030640668523677,3.0,6.406685236768802
Netclan20241023,https://insights.blackcoffer.com/enhancing-front-end-features-and-functionality-for-improved-user-experience-and-dashboard-accuracy-in-partner-hospital-application/,10.0,5,0.3333333111111126,0.02757352936107807,9.971153846153847,0.1918997107039537,4.065221422743121,9.971153846153847,199.0,544.0,1.6933461909353906,9.0,5.273866923818708
Netclan20241024,https://insights.blackcoffer.com/roas-dashboard-for-campaign-wise-google-ads-budget-tracking-using-google-ads-ap/,10.0,2,0.6666666111111158,0.042857142704081634,7.25,0.2684729064039409,3.0073891625615765,7.25,109.0,280.0,1.977832512315271,3.0,6.273399014778325
Netclan20241025,https://insights.blackcoffer.com/efficient-processing-and-analysis-of-financial-data-from-pdf-files-addressing-formatting-inconsistencies-and-ensuring-data-integrity-for-a-toyota-dealership-management-firm/,22.0,9,0.4193548251821024,0.06300812995323551,8.493975903614459,0.3843971631205674,3.5513492266940108,8.493975903614459,271.0,492.0,2.224113475177305,6.0,6.636879432624114
Netclan20241026,https://insights.blackcoffer.com/transforming-and-managing-a-large-scale-sql-pedigree-database-to-neo4j-graph-db/,57.0,9,0.7272727162534437,0.05196850389608779,7.799163179916318,0.3530042918454936,3.2608669887047252,7.799163179916318,658.0,1270.0,2.1239270386266096,3.0,6.418454935622318
Netclan20241027,https://insights.blackcoffer.com/enhancing-model-accuracy-from-58-to-over-90-strategies-for-improving-predictive-performance/,19.0,6,0.5199999792000009,0.05995203822553468,8.051948051948052,0.3387096774193548,3.3562630917469627,8.051948051948052,210.0,417.0,2.1483870967741936,3.0,6.556451612903226
Netclan20241028,https://insights.blackcoffer.com/securing-sensitive-financial-data-with-privacy-preserving-machine-learning-for-predictive-analytics/,22.0,2,0.8333332986111125,0.04502814250463763,8.23076923076923,0.3871829105473965,3.447180856526651,8.23076923076923,290.0,533.0,2.2696929238985315,8.0,6.945260347129506
Netclan20241029,https://insights.blackcoffer.com/enhancing-data-collection-for-research-institutions-addressing-survey-fatigue-and-incorporating-verbal-communication-for-richer-insights/,15.0,4,0.5789473379501401,0.05149051476560836,7.337837837837838,0.3370165745856354,3.069941764969389,7.337837837837838,183.0,369.0,2.1860036832412524,6.0,7.0349907918968695
Netclan20241030,https://insights.blackcoffer.com/analyzing-the-impact-of-positive-emotions-and-pandemic-severity-on-mental-health-and-resilience-among-entrepreneurs-insights-and-predictive-modeling/,13.0,3,0.6249999609375024,0.04289544224424814,7.506849315068493,0.3448905109489051,3.1406959304069595,7.506849315068493,189.0,373.0,2.156934306569343,7.0,6.757299270072993
Netclan20241031,https://insights.blackcoffer.com/dynamic-brand-centric-dashboard-for-automotive-dealerships-pdf-to-financial-insights-with-flask-react-architecture-and-aws-cloud-hosting/,54.0,13,0.6119402893740256,0.07135250258641906,7.622222222222222,0.3389212827988338,3.1844574020084226,7.622222222222222,465.0,939.0,2.1654518950437316,12.0,6.6209912536443145
Netclan20241032,https://insights.blackcoffer.com/cloud-based-data-modeling-and-analysis-platform-with-drag-and-drop-interface-and-openai-api-integration-for-simulation-insights/,8.0,0,0.9999998750000157,0.02476780178090464,7.515151515151516,0.2762096774193548,3.1165444770283486,7.515151515151516,137.0,323.0,2.002016129032258,3.0,6.237903225806452
Netclan20241033,https://insights.blackcoffer.com/voter-profile-analysis-and-search-application-for-targeted-campaign-engagement-using-government-voter-data/,40.0,5,0.7777777604938276,0.07109004728105837,10.136842105263158,0.35202492211838005,4.1955468109526155,10.136842105263158,339.0,633.0,2.1516095534787123,15.0,6.449636552440291
Netclan20241034,https://insights.blackcoffer.com/bert-based-classification-of-individuals-and-organizations-into-two-categories-using-natural-language-processing/,6.0,2,0.4999999375000079,0.03174603162005543,6.389830508474576,0.29708222811671087,2.674765094636515,6.389830508474576,112.0,252.0,2.1061007957559683,5.0,6.708222811671088
Netclan20241035,https://insights.blackcoffer.com/comprehensive-analysis-of-solana-and-ethereum-contributors-using-github-api-with-comparative-study-of-1000-random-github-profiles/,10.0,5,0.3333333111111126,0.03778337521968923,8.582089552238806,0.3234782608695652,3.5622271252433486,8.582089552238806,186.0,397.0,2.111304347826087,5.0,6.60695652173913
Netclan20241036,https://insights.blackcoffer.com/powerbi-rest-api-fetching-dataflow-and-refresh-schedules-with-semantic-models/,16.0,2,0.7777777345679036,0.0524781339577897,6.77027027027027,0.3313373253493014,2.840643038247829,6.77027027027027,166.0,343.0,2.1816367265469063,4.0,6.758483033932135
Netclan20241037,https://insights.blackcoffer.com/automated-job-data-import-and-management-solution-for-enhanced-efficiency/,10.0,0,0.99999990000001,0.031152647878029134,6.865671641791045,0.27608695652173915,2.856703439325114,6.865671641791045,127.0,321.0,2.006521739130435,4.0,6.178260869565217
Netclan20241038,https://insights.blackcoffer.com/data-analytics-and-optimization-solution-for-enhancing-renewable-energy-efficiency/,8.0,1,0.7777776913580343,0.026785714205994897,6.925373134328358,0.34051724137931033,2.9063561502830675,6.925373134328358,158.0,336.0,2.1724137931034484,4.0,6.665948275862069
Netclan20241039,https://insights.blackcoffer.com/time-series-analysis-and-trend-forecasting-solution-for-predicting-news-trends/,9.0,1,0.7999999200000081,0.030581039661831684,6.863636363636363,0.2913907284768212,2.8620108368452737,6.863636363636363,132.0,327.0,2.055187637969095,4.0,6.456953642384106
Netclan20241040,https://insights.blackcoffer.com/advanced-data-visualization-solutions-for-monitoring-key-business-metrics-with-integrated-interactive-dashboards/,12.0,0,0.9999999166666736,0.03715170267135696,6.626865671641791,0.3310810810810811,2.783178701089149,6.626865671641791,147.0,323.0,2.1531531531531534,4.0,6.691441441441442
Netclan20241041,https://insights.blackcoffer.com/advanced-patient-data-analysis-solution-for-trend-identification-and-improved-healthcare-outcome/,15.0,1,0.8749999453125034,0.04878048765615705,6.731343283582089,0.31042128603104213,2.8167058278452526,6.731343283582089,140.0,328.0,2.1374722838137474,4.0,6.7028824833702885
Netclan20241042,https://insights.blackcoffer.com/anomaly-detection-and-analysis-for-enhanced-data-integrity-and-user-experience-on-bright-datas-website/,10.0,5,0.3333333111111126,0.044642857009991495,6.652777777777778,0.3235908141962422,2.790547436789608,6.652777777777778,155.0,336.0,2.164926931106472,4.0,6.624217118997913
Netclan20241043,https://insights.blackcoffer.com/building-custom-tflite-models-and-benchmarking-on-voxl2-chips/,9.0,0,0.9999998888889013,0.02912621349797342,7.887096774193548,0.28016359918200406,3.266904149350221,7.887096774193548,137.0,309.0,2.0286298568507157,4.0,6.449897750511248
Netclan20241044,https://insights.blackcoffer.com/sports-prediction-model-for-multiple-sports-leagues/,17.0,0,0.999999941176474,0.04076738599336358,10.016129032258064,0.2914653784219002,4.123037764271986,10.016129032258064,181.0,417.0,1.9919484702093397,3.0,6.243156199677939
Netclan20241045,https://insights.blackcoffer.com/efficient-coach-allocation-system-for-sports-coaching-organization/,14.0,3,0.6470587854671302,0.04657534233814975,8.14864864864865,0.2620232172470978,3.3642687463582988,8.14864864864865,158.0,365.0,2.011608623548922,6.0,6.459369817578772
Netclan20241046,https://insights.blackcoffer.com/data-studio-dashboard-with-a-data-pipeline-tool-synced-with-podio-using-custom-webhooks-and-google-cloud-function-2/,20.0,4,0.66666663888889,0.04938271594777219,9.35632183908046,0.26044226044226043,3.8467056398090884,9.35632183908046,212.0,486.0,1.9582309582309583,3.0,6.1547911547911545
Netclan20241047,https://insights.blackcoffer.com/ai-driven-backend-for-audio-to-text-conversion-and-analytical-assessment-in-pharmaceutical-practice/,9.0,2,0.636363578512402,0.02989130426659972,6.827160493827161,0.2875226039783002,2.8458732391221844,6.827160493827161,159.0,368.0,2.019891500904159,4.0,6.229656419529837
Netclan20241048,https://insights.blackcoffer.com/cloud-based-web-application-for-financial-data-processing-and-visualization-of-sp-500-metrics/,48.0,11,0.6271186334386673,0.09833333316944444,11.075,0.33747178329571104,4.564988713318285,11.075,299.0,600.0,2.18058690744921,7.0,6.648984198645598
Netclan20241049,https://insights.blackcoffer.com/department-wise-kpi-tracking-dashboard-with-technician-performance-analysis-for-atoz-dependable-service/,18.0,2,0.799999960000002,0.03546099284492732,9.137614678899082,0.19477911646586346,3.7329575181459784,9.137614678899082,194.0,564.0,1.8303212851405624,3.0,5.874497991967871
Netclan20241050,https://insights.blackcoffer.com/steps-to-convert-a-node-js-api-to-python-for-aws-lambda-deployment/,15.0,5,0.4999999750000012,0.05434782593927221,7.984848484848484,0.3225806451612903,3.32297165200391,7.984848484848484,170.0,368.0,2.1024667931688805,3.0,6.523719165085389
Netclan20241051,https://insights.blackcoffer.com/building-an-analytics-dashboard-with-a-pdf-parsing-pipeline-for-data-extraction/,37.0,17,0.37037036351166,0.048171275603772275,6.049808429118774,0.2602913236225459,2.524039901096528,6.049808429118774,411.0,1121.0,1.9436352121595948,3.0,6.214059531348955
Netclan20241052,https://insights.blackcoffer.com/building-a-real-time-log-file-visualization-dashboard-in-kibana/,15.0,12,0.11111110699588492,0.04186046505137912,7.162962962962963,0.26680455015511895,2.971907005247233,7.162962962962963,258.0,645.0,1.950361944157187,4.0,5.911065149948294
Netclan20241053,https://insights.blackcoffer.com/analyzing-the-impact-of-female-ceo-appointments-on-company-stock-prices/,24.0,5,0.655172391200952,0.043806646459506576,7.612676056338028,0.2978723404255319,3.164219358705424,7.612676056338028,322.0,662.0,1.9787234042553192,8.0,6.040703052728954
Netclan20241054,https://insights.blackcoffer.com/ai-chatbot-using-llm-langchain-llama/,16.0,1,0.8823528892733594,0.04899135432567333,11.693877551020408,0.2617801047120419,4.78226306229298,11.693877551020408,150.0,347.0,1.8935427574171029,3.0,5.780104712041885
Netclan20241055,https://insights.blackcoffer.com/healthcare-ai-chatbot-using-llama-llm-langchain/,17.0,3,0.6999999650000017,0.033955857327748966,6.145348837209302,0.22705771050141912,2.5489626190842887,6.145348837209302,240.0,589.0,1.7417218543046358,32.0,5.778618732261116
Netclan20241056,https://insights.blackcoffer.com/ai-bot-audio-to-audio/,2.0,0,0.99999950000025,0.011695906364351425,6.7894736842105265,0.26356589147286824,2.821215830273358,6.7894736842105265,68.0,171.0,1.9806201550387597,2.0,6.065891472868217
Netclan20241057,https://insights.blackcoffer.com/recommendation-engine-for-insurance-sector-to-expand-business-in-the-rural-area/,10.0,1,0.8181817438016598,0.03244837748540302,7.954545454545454,0.25523809523809526,3.28391341991342,7.954545454545454,134.0,339.0,1.9123809523809523,4.0,5.914285714285715
Netclan20241058,https://insights.blackcoffer.com/data-from-crm-via-zapier-to-google-sheets-dynamic-to-powerbi/,11.0,0,0.9999999090909174,0.04280155625369044,7.288135593220339,0.21395348837209302,3.000835632636973,7.288135593220339,92.0,257.0,1.8093023255813954,6.0,5.637209302325582
Netclan20241059,https://insights.blackcoffer.com/data-warehouse-to-google-data-studio-looker-dashboard/,7.0,0,0.9999998571428775,0.025179856024532894,5.896103896103896,0.2422907488986784,2.45535785800103,5.896103896103896,110.0,278.0,2.0,11.0,6.610132158590308
Netclan20241060,https://insights.blackcoffer.com/crm-monday-com-via-zapier-to-power-bi-dashboard/,14.0,3,0.6470587854671302,0.05379746818418523,8.04225352112676,0.1786339754816112,3.288354998643349,8.04225352112676,102.0,316.0,1.700525394045534,18.0,5.250437828371278
Netclan20241061,https://insights.blackcoffer.com/monday-com-to-kpi-dashboard-to-manage-view-and-generate-insights-from-the-crm-data/,19.0,6,0.5199999792000009,0.07462686544887503,7.0813953488372094,0.2134646962233169,2.917944018024211,7.0813953488372094,130.0,335.0,1.7241379310344827,8.0,5.35303776683087
Netclan20241062,https://insights.blackcoffer.com/data-management-for-a-political-saas-application/,6.0,3,0.33333329629630043,0.026315789396737458,6.851851851851852,0.25045045045045045,2.840920920920921,6.851851851851852,139.0,342.0,1.8738738738738738,5.0,5.783783783783784
Netclan20241063,https://insights.blackcoffer.com/google-lsa-ads-google-local-service-ads-etl-tools-and-dashboards/,7.0,0,0.9999998571428775,0.02573529402303201,8.192307692307692,0.2511737089201878,3.377392560491152,8.192307692307692,107.0,272.0,1.9178403755868545,3.0,5.992957746478873
Netclan20241064,https://insights.blackcoffer.com/ad-networks-marketing-campaign-data-dashboard-in-looker-google-data-studio/,6.0,0,0.9999998333333611,0.02999999985,7.095238095238095,0.2684563758389262,2.9454777884308085,7.095238095238095,80.0,200.0,2.0167785234899327,3.0,6.429530201342282
Netclan20241065,https://insights.blackcoffer.com/analytical-solution-for-a-tech-firm/,8.0,2,0.599999940000006,0.052356020668293084,5.803921568627451,0.2635135135135135,2.4269740328563856,5.803921568627451,78.0,191.0,2.050675675675676,4.0,6.510135135135135
Netclan20241066,https://insights.blackcoffer.com/ai-solution-for-a-technology-information-and-internet-firm/,6.0,0,0.9999998333333611,0.028708133833932375,5.903846153846154,0.2703583061889251,2.469681784014032,5.903846153846154,83.0,209.0,1.977198697068404,3.0,6.273615635179153
Netclan20241067,https://insights.blackcoffer.com/ai-and-nlp-based-solutions-to-automate-data-discovery-for-venture-capital-and-private-equity-principals/,8.0,0,0.9999998750000157,0.030303030188246097,7.245283018867925,0.2916666666666667,3.0147798742138368,7.245283018867925,112.0,264.0,2.0052083333333335,3.0,6.2890625
Netclan20241068,https://insights.blackcoffer.com/an-etl-solution-for-an-internet-publishing-firm/,12.0,0,0.9999999166666736,0.041237113260353564,8.440677966101696,0.20883534136546184,3.4598053229868633,8.440677966101696,104.0,291.0,1.8152610441767068,12.0,5.562248995983936
Netclan20241069,https://insights.blackcoffer.com/ai-based-algorithmic-trading-bot-for-forex/,7.0,0,0.9999998571428775,0.03301886776877892,6.14,0.25732899022801303,2.558931596091205,6.14,79.0,212.0,1.986970684039088,3.0,6.244299674267101
Netclan20241070,https://insights.blackcoffer.com/equity-waterfalls-model-based-saas-application-for-real-estate-sector/,6.0,3,0.33333329629630043,0.02990033212657697,8.029411764705882,0.2326007326007326,3.304804998922646,8.029411764705882,127.0,301.0,1.8095238095238095,10.0,5.701465201465202
Netclan20241071,https://insights.blackcoffer.com/ai-solutions-for-foreign-exchange-an-automated-algo-trading-tool/,8.0,1,0.7777776913580343,0.025641025567974287,9.728813559322035,0.24912891986062718,3.991176991673065,9.728813559322035,143.0,351.0,1.8641114982578397,6.0,5.7439024390243905
Netclan20241072,https://insights.blackcoffer.com/ai-agent-development-and-deployment-in-jina-ai/,10.0,5,0.3333333111111126,0.06097560950822923,7.2592592592592595,0.2576530612244898,3.0067649281935,7.2592592592592595,101.0,246.0,1.9515306122448979,5.0,6.010204081632653
Netclan20241073,https://insights.blackcoffer.com/golden-record-a-knowledge-graph-database-approach-to-unfold-discovery-using-neo4j/,13.0,3,0.6249999609375024,0.050955413850460464,8.984126984126984,0.2137809187279152,3.6791631611419597,8.984126984126984,121.0,314.0,1.7862190812720848,14.0,5.5583038869257955
Netclan20241074,https://insights.blackcoffer.com/advanced-ai-for-trading-automation/,11.0,1,0.8333332638888947,0.035294117543252596,7.170731707317073,0.22448979591836735,2.9580886012941763,7.170731707317073,132.0,340.0,1.8418367346938775,11.0,5.673469387755102
Netclan20241075,https://insights.blackcoffer.com/create-a-knowledge-graph-to-provide-real-time-analytics-recommendations-and-a-single-source-of-truth/,6.0,3,0.33333329629630043,0.03982300867334952,6.357142857142857,0.25280898876404495,2.6439807383627607,6.357142857142857,90.0,226.0,1.9550561797752808,3.0,6.03932584269663
Netclan20241076,https://insights.blackcoffer.com/advanced-ai-for-thermal-person-detection/,6.0,0,0.9999998333333611,0.03174603157806333,6.369565217391305,0.2525597269624573,2.648849977741505,6.369565217391305,74.0,189.0,1.9590443686006827,4.0,6.064846416382252
Netclan20241077,https://insights.blackcoffer.com/advanced-ai-for-road-cam-threat-detection/,6.0,2,0.4999999375000079,0.0399999998,6.520833333333333,0.268370607028754,2.715681576144835,6.520833333333333,84.0,200.0,1.9712460063897763,3.0,6.067092651757188
Netclan20241078,https://insights.blackcoffer.com/advanced-ai-for-pedestrian-crossing-safety/,8.0,1,0.7777776913580343,0.04411764684256055,7.1063829787234045,0.25449101796407186,2.944349598674991,7.1063829787234045,85.0,204.0,1.9311377245508983,5.0,5.985029940119761
Netclan20241079,https://insights.blackcoffer.com/handgun-detection-using-yolo/,7.0,0,0.9999998571428775,0.034999999825,6.061224489795919,0.2828282828282828,2.537621109049681,6.061224489795919,84.0,200.0,2.0336700336700337,4.0,6.249158249158249
Netclan20241080,https://insights.blackcoffer.com/using-graph-technology-to-create-single-customer-view/,7.0,4,0.2727272479338866,0.04741379289907848,6.385964912280702,0.27472527472527475,2.664276074802391,6.385964912280702,100.0,232.0,1.9835164835164836,6.0,6.0989010989010985
Netclan20241081,https://insights.blackcoffer.com/car-detection-in-satellite-images/,13.0,0,0.9999999230769291,0.04391891877054419,7.514705882352941,0.22504892367906065,3.095901922412801,7.514705882352941,115.0,296.0,1.8258317025440314,10.0,5.706457925636008
Netclan20241082,https://insights.blackcoffer.com/building-a-physics-informed-neural-network-for-circuit-evaluation/,11.0,3,0.5714285306122479,0.04334365311658312,7.884057971014493,0.2536764705882353,3.2550937766410915,7.884057971014493,138.0,323.0,1.9209558823529411,14.0,5.990808823529412
Netclan20241083,https://insights.blackcoffer.com/connecting-mongodb-database-to-power-bi-dashboard-dashboard-automation/,8.0,3,0.4545454132231443,0.033232628298390854,9.166666666666666,0.23272727272727273,3.7597575757575754,9.166666666666666,128.0,331.0,1.8509090909090908,12.0,5.629090909090909
Netclan20241084,https://insights.blackcoffer.com/data-transformation/,17.0,11,0.21428570663265334,0.07368421033240997,9.180555555555555,0.19818456883509833,3.7514960497562613,9.180555555555555,131.0,380.0,1.7776096822995462,13.0,5.40695915279879
Netclan20241085,https://insights.blackcoffer.com/e-commerce-store-analysis-purchase-behavior-ad-spend-conversion-traffic-etc/,9.0,0,0.9999998888889013,0.02743902430658834,8.629032258064516,0.2411214953271028,3.548061501356648,8.629032258064516,129.0,328.0,1.8934579439252337,16.0,5.930841121495327
Netclan20241086,https://insights.blackcoffer.com/kpi-dashboard-for-accountants/,10.0,0,0.99999990000001,0.03300330022111122,9.56,0.2510460251046025,3.924418410041841,9.56,120.0,303.0,1.8723849372384938,8.0,5.922594142259414
Netclan20241087,https://insights.blackcoffer.com/return-on-advertising-spend-dashboard-marketing-automation-and-analytics-using-etl-and-dashboard/,25.0,4,0.7241379060642101,0.05096660799478628,9.576086956521738,0.2917139614074915,3.947120367171692,9.576086956521738,257.0,569.0,1.9897843359818388,8.0,6.011350737797957
Netclan20241088,https://insights.blackcoffer.com/ranking-customer-behaviours-for-business-strategy/,4.0,1,0.599999880000024,0.02222222212345679,8.853658536585366,0.22038567493112948,3.6296176846065986,8.853658536585366,80.0,225.0,2.1955922865013773,4.0,6.922865013774104
Netclan20241089,https://insights.blackcoffer.com/algorithmic-trading-for-multiple-commodities-markets-like-forex-metals-energy-etc/,8.0,0,0.9999998750000157,0.02555910534965142,10.0,0.25384615384615383,4.101538461538462,10.0,132.0,313.0,1.8903846153846153,3.0,5.826923076923077
Netclan20241090,https://insights.blackcoffer.com/trading-bot-for-forex/,3.0,1,0.49999987500003124,0.021857923377825557,7.378378378378378,0.2600732600732601,3.0553806553806555,7.378378378378378,71.0,183.0,1.978021978021978,3.0,6.014652014652015
Netclan20241091,https://insights.blackcoffer.com/python-model-for-the-analysis-of-sector-specific-stock-etfs-for-investment-purposes%ef%bf%bc/,9.0,2,0.636363578512402,0.03846153832705756,9.175438596491228,0.21414913957934992,3.7558350944282313,9.175438596491228,112.0,286.0,1.7667304015296368,6.0,5.51434034416826
Netclan20241092,https://insights.blackcoffer.com/medical-classification/,8.0,0,0.9999998750000157,0.02777777768132716,8.647058823529411,0.23356009070294784,3.552247565692944,8.647058823529411,103.0,288.0,1.909297052154195,7.0,5.927437641723356
Netclan20241093,https://insights.blackcoffer.com/design-develop-bert-question-answering-model-explanations-with-visualization/,3.0,0,0.9999996666667778,0.014999999925,7.475,0.27759197324414714,3.101036789297659,7.475,83.0,200.0,2.0133779264214047,4.0,6.237458193979933
Netclan20241094,https://insights.blackcoffer.com/design-and-develop-solution-to-anomaly-detection-classification-problems/,2.0,4,-0.33333327777778704,0.025210083927688722,7.608695652173913,0.28,3.1554782608695655,7.608695652173913,98.0,238.0,2.025714285714286,7.0,6.074285714285714
Netclan20241095,https://insights.blackcoffer.com/an-etl-solution-for-currency-data-to-google-big-query/,3.0,5,-0.24999996875000394,0.030188679131363475,8.403846153846153,0.20137299771167047,3.44208766062313,8.403846153846153,88.0,265.0,1.794050343249428,13.0,5.574370709382151
Netclan20241096,https://insights.blackcoffer.com/etl-and-mlops-infrastructure-for-blockchain-analytics/,3.0,0,0.9999996666667778,0.009493670856032687,7.5625,0.25413223140495866,3.1266528925619834,7.5625,123.0,316.0,1.890495867768595,2.0,5.911157024793388
Netclan20241097,https://insights.blackcoffer.com/an-agent-based-model-of-a-virtual-power-plant-vpp/,3.0,0,0.9999996666667778,0.01734104036219052,6.769230769230769,0.2765151515151515,2.818298368298368,6.769230769230769,73.0,173.0,2.034090909090909,2.0,6.261363636363637
Netclan20241098,https://insights.blackcoffer.com/transform-api-into-sdk-library-and-widget/,10.0,0,0.99999990000001,0.042194092648970075,7.055555555555555,0.2440944881889764,2.919860017497813,7.055555555555555,93.0,237.0,1.9133858267716535,3.0,5.923884514435696
Netclan20241099,https://insights.blackcoffer.com/integration-of-a-product-to-a-cloud-based-crm-platform/,9.0,5,0.2857142653061239,0.04605263142745845,6.157894736842105,0.23504273504273504,2.5571749887539363,6.157894736842105,110.0,304.0,1.8611111111111112,3.0,5.77991452991453
Netclan20241100,https://insights.blackcoffer.com/a-web-based-dashboard-for-the-filtered-data-retrieval-of-land-records/,14.0,3,0.6470587854671302,0.049853372287820025,7.073529411764706,0.23076923076923078,2.921719457013575,7.073529411764706,111.0,341.0,1.819126819126819,2.0,5.721413721413722
Netclan20241101,https://insights.blackcoffer.com/integration-of-video-conferencing-data-to-the-existing-web-app/,3.0,0,0.9999996666667778,0.010526315752539242,6.564516129032258,0.24078624078624078,2.7221209479273996,6.564516129032258,98.0,285.0,1.904176904176904,2.0,5.862407862407863
Netclan20241102,https://insights.blackcoffer.com/design-develop-an-app-in-retool-which-shows-the-progress-of-the-added-video/,3.0,0,0.9999996666667778,0.016042780662872833,7.1,0.2605633802816901,2.944225352112676,7.1,74.0,187.0,1.9366197183098592,4.0,5.848591549295775
Netclan20241103,https://insights.blackcoffer.com/auvik-connectwise-integration-in-grafana/,4.0,2,0.33333327777778704,0.02564102553144861,6.631578947368421,0.2619047619047619,2.7573934837092735,6.631578947368421,99.0,234.0,1.947089947089947,2.0,5.944444444444445
Netclan20241104,https://insights.blackcoffer.com/data-integration-and-big-data-performance-using-elk-stack/,6.0,1,0.7142856122449125,0.025270758031513508,6.3,0.2471655328798186,2.6188662131519274,6.3,109.0,277.0,1.9160997732426304,4.0,5.918367346938775
Netclan20241105,https://insights.blackcoffer.com/web-data-connector/,2.0,0,0.99999950000025,0.008368200801806691,6.890909090909091,0.22691292875989447,2.8471288078675943,6.890909090909091,86.0,239.0,1.9234828496042216,3.0,5.870712401055409
Netclan20241106,https://insights.blackcoffer.com/an-app-for-updating-the-email-id-of-the-user-and-stripe-refund-tool-using-retool/,7.0,0,0.9999998571428775,0.03365384599204882,8.68421052631579,0.21818181818181817,3.5609569377990433,8.68421052631579,72.0,208.0,1.8666666666666667,5.0,5.748484848484848
Netclan20241107,https://insights.blackcoffer.com/an-ai-ml-based-web-application-that-detects-the-correctness-of-text-in-a-given-video/,3.0,8,-0.4545454132231443,0.046025104409936804,9.452380952380953,0.20906801007556675,3.864579584982608,9.452380952380953,83.0,239.0,1.7984886649874054,4.0,5.6498740554156175
Netclan20241108,https://insights.blackcoffer.com/website-tracking-and-insights-using-google-analytics-google-tag-manager/,24.0,2,0.8461538136094686,0.047706421930813904,9.676470588235293,0.2259371833839919,3.9609631086477144,9.676470588235293,223.0,545.0,1.7700101317122594,5.0,5.473150962512665
Netclan20241109,https://insights.blackcoffer.com/dashboard-to-track-the-analytics-of-the-website-using-google-analytics-and-google-tag-manager/,23.0,0,0.999999956521741,0.04166666659118357,9.864077669902912,0.21751968503937008,4.032638941976913,9.864077669902912,221.0,552.0,1.7687007874015748,3.0,5.485236220472441
Netclan20241110,https://insights.blackcoffer.com/power-bi-dashboard-on-operations-transactions-and-marketing-embedding-the-dashboard-to-web-app/,3.0,0,0.9999996666667778,0.01785714275085034,6.888888888888889,0.2903225806451613,2.87168458781362,6.888888888888889,72.0,168.0,2.028225806451613,2.0,6.193548387096774
Netclan20241111,https://insights.blackcoffer.com/nft-data-automation-looksrare-and-etl-tool/,7.0,1,0.7499999062500118,0.030075187856860197,9.037735849056604,0.21085594989561587,3.6994367195808877,9.037735849056604,101.0,266.0,1.8058455114822547,5.0,5.413361169102297
Netclan20241112,https://insights.blackcoffer.com/optimize-the-data-scraper-program-to-easily-accommodate-large-files-and-solve-oom-errors/,8.0,1,0.7777776913580343,0.04186046492157924,8.13953488372093,0.2571428571428571,3.358671096345515,8.13953488372093,90.0,215.0,1.9114285714285715,4.0,5.857142857142857
Netclan20241113,https://insights.blackcoffer.com/making-a-robust-way-to-sync-data-from-airtables-to-mongodb-using-python-etl-solution/,5.0,4,0.11111109876543349,0.032967032846274606,9.0,0.19916142557651992,3.6796645702306083,9.0,95.0,273.0,1.7735849056603774,3.0,5.459119496855346
Netclan20241114,https://insights.blackcoffer.com/incident-duration-prediction-infrastructure-and-real-estate/,5.0,0,0.99999980000004,0.020408163182007496,8.695652173913043,0.25,3.5782608695652174,8.695652173913043,100.0,245.0,1.91,6.0,5.87
Netclan20241115,https://insights.blackcoffer.com/statistical-data-analysis-of-reinforced-concrete/,6.0,1,0.7142856122449125,0.02108433728589055,8.80327868852459,0.2532588454376164,3.6226150135848827,8.80327868852459,136.0,332.0,1.9162011173184357,6.0,5.8305400372439475
Netclan20241116,https://insights.blackcoffer.com/database-normalization-segmentation-with-google-data-studio-dashboard-insights/,6.0,0,0.9999998333333611,0.024793388327300048,6.910714285714286,0.23772609819121446,2.8593761535622004,6.910714285714286,92.0,242.0,1.9043927648578811,10.0,5.808785529715762
Netclan20241117,https://insights.blackcoffer.com/power-bi-dashboard-to-drive-insights-from-complex-data-to-generate-business-insights/,7.0,1,0.7499999062500118,0.02777777768132716,8.75,0.2163265306122449,3.586530612244898,8.75,106.0,288.0,1.7979591836734694,10.0,5.408163265306122
Netclan20241118,https://insights.blackcoffer.com/real-time-dashboard-to-monitor-infrastructure-activity-and-machines/,3.0,0,0.9999996666667778,0.015544041370238128,7.842105263157895,0.2785234899328859,3.2482515012363127,7.842105263157895,83.0,193.0,1.9731543624161074,4.0,6.016778523489933
Netclan20241119,https://insights.blackcoffer.com/electric-vehicles-ev-load-management-system-to-forecast-energy-demand/,4.0,0,0.9999997500000625,0.014234875394181938,8.283018867924529,0.24145785876993167,3.4097906906777844,8.283018867924529,106.0,281.0,1.938496583143508,9.0,5.849658314350798
Netclan20241120,https://insights.blackcoffer.com/power-bi-data-driven-map-dashboard/,3.0,0,0.9999996666667778,0.020270270133308985,7.166666666666667,0.29767441860465116,2.9857364341085275,7.166666666666667,64.0,148.0,2.083720930232558,2.0,6.330232558139535
Netclan20241121,https://insights.blackcoffer.com/google-local-service-ads-lsa-leads-dashboard/,22.0,0,0.9999999545454565,0.0502283103876066,8.696629213483146,0.20801033591731266,3.5618558197601837,8.696629213483146,161.0,438.0,1.7635658914728682,5.0,5.484496124031008
Netclan20241122,https://insights.blackcoffer.com/aws-lex-voice-and-chatbot/,14.0,0,0.9999999285714337,0.046666666511111114,8.87037037037037,0.18997912317327767,3.624139797417459,8.87037037037037,91.0,300.0,1.7494780793319415,7.0,5.534446764091858
Netclan20241123,https://insights.blackcoffer.com/metabridges-api-decentraland-integration/,4.0,2,0.33333327777778704,0.01869158872681748,7.174603174603175,0.2411504424778761,2.9663014468324205,7.174603174603175,109.0,321.0,1.8694690265486726,2.0,5.774336283185841
Netclan20241124,https://insights.blackcoffer.com/microsoft-azure-chatbot-with-luis-language-understanding/,8.0,0,0.9999998750000157,0.03864734280846694,7.975,0.25391849529780564,3.2915673981191222,7.975,81.0,207.0,1.9529780564263324,2.0,5.871473354231975
Netclan20241125,https://insights.blackcoffer.com/impact-of-news-media-and-press-on-innovation-startups-and-investments/,14.0,2,0.7499999531250029,0.05653710227372049,7.603174603174603,0.1941544885177453,3.1189316366769395,7.603174603174603,93.0,283.0,1.801670146137787,10.0,5.490605427974947
Netclan20241126,https://insights.blackcoffer.com/aws-quicksight-reporting-dashboard/,11.0,3,0.5714285306122479,0.04620462030955571,10.4,0.2153846153846154,4.246153846153846,10.4,112.0,303.0,1.7596153846153846,7.0,5.423076923076923
Netclan20241127,https://insights.blackcoffer.com/google-data-studio-dashboard-for-marketing-ads-and-traction-data/,12.0,0,0.9999999166666736,0.031088082821015328,10.725806451612904,0.18195488721804512,4.36310453553238,10.725806451612904,121.0,386.0,1.7172932330827069,10.0,5.49172932330827
Netclan20241128,https://insights.blackcoffer.com/gangala-in-e-commerce-big-data-etl-elt-solution-and-data-warehouse/,9.0,2,0.636363578512402,0.041666666508838386,8.961538461538462,0.21030042918454936,3.668735556289205,8.961538461538462,98.0,264.0,1.7918454935622317,10.0,5.487124463519313
Netclan20241129,https://insights.blackcoffer.com/big-data-solution-to-an-online-multivendor-marketplace-ecommerce-business/,19.0,0,0.9999999473684238,0.06270627042011132,10.14,0.21301775147928995,4.141207100591717,10.14,108.0,303.0,1.8264299802761341,7.0,5.605522682445759
Netclan20241130,https://insights.blackcoffer.com/creating-a-custom-report-and-dashboard-using-the-data-got-from-atera-api/,3.0,0,0.9999996666667778,0.017441860363710114,6.45,0.2751937984496124,2.690077519379845,6.45,71.0,172.0,2.0426356589147288,4.0,6.337209302325581
Netclan20241131,https://insights.blackcoffer.com/azure-data-lake-and-power-bi-dashboard/,4.0,1,0.599999880000024,0.02145922737571147,7.617021276595745,0.276536312849162,3.157423035777963,7.617021276595745,99.0,233.0,2.0446927374301676,2.0,6.340782122905028
Netclan20241132,https://insights.blackcoffer.com/google-data-studio-pipeline-with-gcp-mysql/,3.0,0,0.9999996666667778,0.014492753553175104,7.5,0.22857142857142856,3.0914285714285716,7.5,72.0,207.0,1.8793650793650793,3.0,5.920634920634921
Netclan20241133,https://insights.blackcoffer.com/quickbooks-dashboard-to-find-patterns-in-finance-sales-and-forecasts/,8.0,0,0.9999998750000157,0.022662889454212777,7.256756756756757,0.22905027932960895,2.994322814434547,7.256756756756757,123.0,353.0,1.7914338919925512,4.0,5.597765363128492
Netclan20241134,https://insights.blackcoffer.com/marketing-sales-and-financial-data-business-dashboard-wink-report/,7.0,0,0.9999998571428775,0.024054982735206246,7.573770491803279,0.24242424242424243,3.1264778936910087,7.573770491803279,112.0,291.0,1.8506493506493507,5.0,5.701298701298701
Netclan20241135,https://insights.blackcoffer.com/react-native-apps-in-the-development-portfolio/,2.0,0,0.99999950000025,0.013071895339399377,3.515625,0.30666666666666664,1.5289166666666667,3.515625,69.0,153.0,2.48,3.0,8.382222222222222
Netclan20241136,https://insights.blackcoffer.com/a-leading-firm-website-seo-optimization/,3.0,0,0.9999996666667778,0.015789473601108033,6.0,0.3,2.52,6.0,81.0,190.0,2.0592592592592593,2.0,6.366666666666666
Netclan20241137,https://insights.blackcoffer.com/a-leading-hospitality-firm-in-the-usa-website-seo-optimization/,8.0,0,0.9999998750000157,0.04081632632236568,6.478260869565218,0.2684563758389262,2.6986868981616574,6.478260869565218,80.0,196.0,1.9530201342281879,2.0,6.097315436241611
Netclan20241138,https://insights.blackcoffer.com/a-leading-firm-in-the-usa-website-seo-optimization/,5.0,2,0.4285713673469475,0.03846153825021133,6.945945945945946,0.2723735408560311,2.887327794720791,6.945945945945946,70.0,182.0,2.0428015564202333,2.0,6.35408560311284
Netclan20241139,https://insights.blackcoffer.com/a-leading-musical-instrumental-website-seo-optimization/,3.0,1,0.49999987500003124,0.02173913031663516,5.416666666666667,0.28846153846153844,2.2820512820512824,5.416666666666667,75.0,184.0,2.0346153846153845,2.0,6.253846153846154
Netclan20241140,https://insights.blackcoffer.com/a-leading-firm-in-the-usa-seo-and-website-optimization/,3.0,0,0.9999996666667778,0.017045454448605373,5.837209302325581,0.28286852589641437,2.4480311312887983,5.837209302325581,71.0,176.0,2.0318725099601593,2.0,6.362549800796812
Netclan20241141,https://insights.blackcoffer.com/immigration-datawarehouse-ai-based-recommendations/,9.0,0,0.9999998888889013,0.032142857028061224,8.491228070175438,0.22107438016528927,3.484920980136291,8.491228070175438,107.0,280.0,1.8140495867768596,9.0,5.566115702479339
Netclan20241142,https://insights.blackcoffer.com/lipsync-automation-for-celebrities-and-influencers/,3.0,0,0.9999996666667778,0.014018691523277142,5.896551724137931,0.24269005847953215,2.455696713046985,5.896551724137931,83.0,214.0,1.9941520467836258,6.0,6.239766081871345
Netclan20241143,https://insights.blackcoffer.com/key-audit-matters-predictive-modeling/,3.0,6,-0.33333329629630043,0.025495750635989377,9.725806451612904,0.22553897180762852,3.980538169368213,9.725806451612904,136.0,353.0,1.8391376451077943,5.0,5.451077943615257
Netclan20241144,https://insights.blackcoffer.com/splitting-of-songs-into-its-vocals-and-instrumental/,9.0,2,0.636363578512402,0.04545454526671676,8.104166666666666,0.2416452442159383,3.338324764353042,8.104166666666666,94.0,242.0,1.9254498714652957,3.0,5.863753213367609
Netclan20241145,https://insights.blackcoffer.com/ai-and-ml-technologies-to-evaluate-learning-assessments/,12.0,2,0.7142856632653098,0.04430379732815254,9.701754385964913,0.25316455696202533,3.981967577170775,9.701754385964913,140.0,316.0,1.918625678119349,14.0,5.726943942133816
Netclan20241146,https://insights.blackcoffer.com/datawarehouse-and-recommendations-engine-for-airbnb/,9.0,2,0.636363578512402,0.04029304014544674,8.351851851851851,0.2328159645232816,3.4338671265500533,8.351851851851851,105.0,273.0,1.8847006651884701,9.0,5.696230598669623
Netclan20241147,https://insights.blackcoffer.com/real-estate-data-warehouse/,7.0,0,0.9999998571428775,0.024305555471161266,7.373134328358209,0.2408906882591093,3.045610006646928,7.373134328358209,119.0,288.0,1.8927125506072875,3.0,5.751012145748988
Netclan20241148,https://insights.blackcoffer.com/traction-dashboards-of-marketing-campaigns-and-posts/,4.0,1,0.599999880000024,0.0174825174213898,7.369230769230769,0.2254697286012526,3.037880199132809,7.369230769230769,108.0,286.0,1.860125260960334,10.0,5.8580375782881005
Netclan20241149,https://insights.blackcoffer.com/google-local-service-ads-lsa-data-warehouse/,5.0,0,0.99999980000004,0.02336448587212857,6.111111111111111,0.2636363636363636,2.54989898989899,6.111111111111111,87.0,214.0,1.9545454545454546,2.0,5.8969696969696965
Netclan20241150,https://insights.blackcoffer.com/google-local-service-ads-missed-calls-and-messages-automation-tool/,4.0,1,0.599999880000024,0.02336448587212857,6.269230769230769,0.24539877300613497,2.605851816894762,6.269230769230769,80.0,214.0,1.9171779141104295,2.0,5.883435582822086
Netclan20241151,https://insights.blackcoffer.com/marketing-ads-leads-call-status-data-tool-to-bigquery/,4.0,0,0.9999997500000625,0.01932367140423347,5.867924528301887,0.2765273311897106,2.4577807437966395,5.867924528301887,86.0,207.0,2.022508038585209,2.0,6.070739549839228
Netclan20241152,https://insights.blackcoffer.com/marketing-analytics-to-automate-leads-call-status-and-reporting/,4.0,0,0.9999997500000625,0.01913875588928825,6.134615384615385,0.2507836990595611,2.5541596334699785,6.134615384615385,80.0,209.0,1.9467084639498433,2.0,5.943573667711599
Netclan20241153,https://insights.blackcoffer.com/callrail-analytics-leads-report-alert/,4.0,0,0.9999997500000625,0.01895734588171874,6.150943396226415,0.254601226993865,2.5622178492881122,6.150943396226415,83.0,211.0,1.960122699386503,2.0,5.932515337423313
Netclan20241154,https://insights.blackcoffer.com/marketing-automation-tool-to-notify-lead-details-to-clients-over-email-and-phone/,3.0,0,0.9999996666667778,0.015463917446062281,6.488888888888889,0.2636986301369863,2.70103500761035,6.488888888888889,77.0,194.0,1.9726027397260273,2.0,5.9520547945205475
Netclan20241155,https://insights.blackcoffer.com/data-etl-local-service-ads-leads-to-bigquery/,5.0,0,0.99999980000004,0.025380710531062382,6.326086956521739,0.27835051546391754,2.6417749887942628,6.326086956521739,81.0,197.0,2.0240549828178693,2.0,6.061855670103093
Netclan20241156,https://insights.blackcoffer.com/marbles-stimulation-using-python/,5.0,1,0.6666665555555741,0.023809523715041574,8.680851063829786,0.20588235294117646,3.554693366708385,8.680851063829786,84.0,252.0,1.7181372549019607,4.0,5.446078431372549
Netclan20241157,https://insights.blackcoffer.com/stocktwits-data-structurization/,11.0,4,0.46666663555555765,0.02212389377267862,8.022388059701493,0.19813953488372094,3.2882110378340856,8.022388059701493,213.0,678.0,1.7776744186046511,8.0,5.526511627906976
Netclan20241158,https://insights.blackcoffer.com/sentimental-analysis-on-shareholder-letter-of-companies/,5.0,6,-0.09090908264462885,0.025056947551123126,7.517241379310345,0.27370030581039756,3.116376674048297,7.517241379310345,179.0,439.0,1.926605504587156,5.0,5.8577981651376145
Netclan20241159,https://insights.blackcoffer.com/population-and-community-survey-of-america/,9.0,6,0.19999998666666757,0.02232142853821216,8.758333333333333,0.2302568981921979,3.5954360926102127,8.758333333333333,242.0,672.0,1.8372978116079923,5.0,5.475737392959086
Netclan20241160,https://insights.blackcoffer.com/google-lsa-api-data-automation-and-dashboarding/,15.0,8,0.3043478128544429,0.024033437801427963,8.807909604519773,0.20397690827453496,3.6047546051177237,8.807909604519773,318.0,957.0,1.7658755612572161,9.0,5.383579217447082
Netclan20241161,https://insights.blackcoffer.com/healthcare-data-analysis/,10.0,4,0.42857139795918586,0.059071729708558104,7.981132075471698,0.19858156028368795,3.2718854543021543,7.981132075471698,84.0,237.0,1.8085106382978724,13.0,5.60047281323877
Netclan20241162,https://insights.blackcoffer.com/budget-sales-kpi-dashboard-using-power-bi/,2.0,0,0.99999950000025,0.01351351342220599,6.65625,0.3004694835680751,2.7826877934272303,6.65625,64.0,148.0,2.103286384976526,2.0,6.36150234741784
Netclan20241163,https://insights.blackcoffer.com/amazon-buy-bot-an-automation-ai-tool-to-auto-checkouts/,3.0,0,0.9999996666667778,0.015463917446062281,6.375,0.25163398692810457,2.650653594771242,6.375,77.0,194.0,1.9052287581699345,3.0,5.790849673202614
